Timestamp	Category	Title	Movie_URL	Failure_Reason	Detected_Alternate_URL
2026-10-07 05:03:09	Marathi Movies	Category Page 4	https://go4.india4movies.net/category/marathi-movies/page/4/	Category Page Fetch Failed	
2026-10-07 05:03:09	Marathi Movies	Category Page 5	https://go4.india4movies.net/category/marathi-movies/page/5/	Category Page Fetch Failed	
2026-10-07 05:03:10	Marathi Movies	Category Page 10	https://go4.india4movies.net/category/marathi-movies/page/10/	Category Page Fetch Failed	
2026-10-07 05:03:10	Marathi Movies	Category Page 8	https://go4.india4movies.net/category/marathi-movies/page/8/	Category Page Fetch Failed	
2026-10-07 05:03:10	Marathi Movies	Category Page 12	https://go4.india4movies.net/category/marathi-movies/page/12/	Category Page Fetch Failed	
2026-10-07 05:03:10	Marathi Movies	Category Page 7	https://go4.india4movies.net/category/marathi-movies/page/7/	Category Page Fetch Failed	
2026-10-07 05:03:10	Marathi Movies	Category Page 15	https://go4.india4movies.net/category/marathi-movies/page/15/	Category Page Fetch Failed	
2026-10-07 05:03:11	Marathi Movies	Category Page 9	https://go4.india4movies.net/category/marathi-movies/page/9/	Category Page Fetch Failed	
2026-10-07 05:03:11	Marathi Movies	Category Page 6	https://go4.india4movies.net/category/marathi-movies/page/6/	Category Page Fetch Failed	
2026-10-07 05:03:11	Marathi Movies	Category Page 13	https://go4.india4movies.net/category/marathi-movies/page/13/	Category Page Fetch Failed	
2026-10-07 05:03:11	Marathi Movies	Category Page 11	https://go4.india4movies.net/category/marathi-movies/page/11/	Category Page Fetch Failed	
2026-10-07 05:03:12	Marathi Movies	Category Page 14	https://go4.india4movies.net/category/marathi-movies/page/14/	Category Page Fetch Failed	
2026-10-07 05:03:25	Hollywood Hindi Movies	Doing Life (2026)	https://go5.india4movies.net/doing-life-2026-download/	No MultiDownload Link in MultiCloud Page	https://new2.multicloudlinks.com/
2026-10-07 05:03:25	Hollywood Hindi Movies	The End of Oak Street (2026)	https://go5.india4movies.net/the-end-of-oak-street-2026-download/	No MultiDownload Link in MultiCloud Page	https://new2.multicloudlinks.com/
2026-10-07 05:03:26	Hollywood Hindi Movies	The Residence (2025)	https://go5.india4movies.net/the-residence-2025-download/	No MultiDownload Link in MultiCloud Page	https://new2.multicloudlinks.com/
2026-10-07 05:03:26	Hollywood Hindi Movies	Spider Man Brand New Day (2026)	https://go5.india4movies.net/spider-man-brand-new-day-2026-download-4/	No MultiDownload Link in MultiCloud Page	https://new2.multicloudlinks.com/
2026-10-07 05:03:26	Hollywood Hindi Movies	Insidious Out of the Further (2026)	https://go5.india4movies.net/insidious-out-of-the-further-2026-download-3/	No MultiDownload Link in MultiCloud Page	https://new2.multicloudlinks.com/
2026-10-07 05:03:27	Hollywood Hindi Movies	Seven Snipers (2026)	https://go5.india4movies.net/seven-snipers-2026-download/	No MultiDownload Link in MultiCloud Page	https://new2.multicloudlinks.com/
2026-10-07 05:03:28	Hollywood Hindi Movies	Monster Island (2025)	https://go5.india4movies.net/monster-island-2025-download/	No MultiDownload Link in MultiCloud Page	https://new2.multicloudlinks.com/
2026-10-07 05:03:28	Hollywood Hindi Movies	UNABOMBER (2026)	https://go5.india4movies.net/unabomber-2026-download/	No MultiDownload Link in MultiCloud Page	https://new2.multicloudlinks.com/
2026-10-07 05:03:29	Hollywood Hindi Movies	The Bodyguard (2024)	https://go5.india4movies.net/the-bodyguard-2024-download/	No MultiDownload Link in MultiCloud Page	https://new2.multicloudlinks.com/
2026-10-07 05:03:30	Hollywood Hindi Movies	Mile End Kicks (2026)	https://go5.india4movies.net/18-mile-end-kicks-2026-download/	No MultiDownload Link in MultiCloud Page	https://new2.multicloudlinks.com/
2026-10-07 05:03:30	Hollywood Hindi Movies	The Awakening (2026)	https://go5.india4movies.net/the-awakening-2026-download/	No MultiDownload Link in MultiCloud Page	https://new2.multicloudlinks.com/
2026-10-07 05:03:30	Hollywood Hindi Movies	Hen (2026)	https://go5.india4movies.net/hen-2026-download/	No MultiDownload Link in MultiCloud Page	https://new2.multicloudlinks.com/
2026-10-07 05:03:30	Hollywood Hindi Movies	Go Team (2026)	https://go5.india4movies.net/go-team-2026-download/	No MultiDownload Link in MultiCloud Page	https://new2.multicloudlinks.com/
2026-10-07 05:03:31	Hollywood Hindi Movies	A Great Awakening (2026)	https://go5.india4movies.net/a-great-awakening-2026-download/	No MultiDownload Link in MultiCloud Page	https://new2.multicloudlinks.com/
2026-10-07 05:03:31	Hollywood Hindi Movies	How to Make a Killing (2024)	https://go5.india4movies.net/how-to-make-a-killing-2024-download/	No MultiDownload Link in MultiCloud Page	https://new2.multicloudlinks.com/
2026-10-07 05:03:31	Hollywood Hindi Movies	Call My Agent The Movie (2026)	https://go5.india4movies.net/call-my-agent-the-movie-2026-download/	No MultiDownload Link in MultiCloud Page	https://new2.multicloudlinks.com/
2026-10-07 05:03:31	Hollywood Hindi Movies	PAW Patrol The Dino Movie (2026)	https://go5.india4movies.net/paw-patrol-the-dino-movie-2026-download/	No MultiDownload Link in MultiCloud Page	https://new2.multicloudlinks.com/
2026-10-07 05:03:32	Hollywood Hindi Movies	Why Did I Get Married Again (2026)	https://go5.india4movies.net/why-did-i-get-married-again-2026-download/	No MultiDownload Link in MultiCloud Page	https://new2.multicloudlinks.com/
2026-10-07 05:03:32	Hollywood Hindi Movies	Normal (2026)	https://go5.india4movies.net/normal-2026-download/	No MultiDownload Link in MultiCloud Page	https://new2.multicloudlinks.com/
2026-10-07 05:03:32	Hollywood Hindi Movies	Black Box (2026)	https://go5.india4movies.net/black-box-2026-download/	No MultiDownload Link in MultiCloud Page	https://new2.multicloudlinks.com/
2026-10-07 05:03:33	Hollywood Hindi Movies	Scooby Doo The Sword and the Scoob (2021)	https://go5.india4movies.net/scooby-doo-the-sword-and-the-scoob-2021-download/	No MultiDownload Link in MultiCloud Page	https://new2.multicloudlinks.com/
2026-10-07 05:03:34	Hollywood Hindi Movies	Us (2019)	https://go5.india4movies.net/us-2019-download/	No MultiDownload Link in MultiCloud Page	https://new2.multicloudlinks.com/
2026-10-07 05:03:34	Hollywood Hindi Movies	Scooby Doo & Batman The Brave and the Bold (2018)	https://go5.india4movies.net/scooby-doo-batman-the-brave-and-the-bold-2018-download/	No MultiDownload Link in MultiCloud Page	https://new2.multicloudlinks.com/
2026-10-07 05:03:35	Hollywood Hindi Movies	Battle for Sevastopol (2015)	https://go5.india4movies.net/battle-for-sevastopol-2015-download/	No MultiDownload Link in MultiCloud Page	https://new2.multicloudlinks.com/
2026-10-07 05:03:35	Hollywood Hindi Movies	King of Prison (2020)	https://go5.india4movies.net/king-of-prison-2020-download/	No MultiDownload Link in MultiCloud Page	https://new2.multicloudlinks.com/
2026-10-07 05:03:40	Hollywood Hindi Movies	Stolen Girl (2025)	https://go5.india4movies.net/stolen-girl-2025-download/	No MultiDownload Link in MultiCloud Page	https://new3.multicloudlinks.com/view/08ba62
2026-10-07 05:04:07	Hollywood Hindi Movies	Peter Rabbit (2018)	https://go5.india4movies.net/peter-rabbit-2013-hindi-dubbed-download/	No MultiDownload Link in MultiCloud Page	https://new3.multicloudlinks.com/view/LsMq04
2026-10-07 05:04:16	Hollywood Hindi Movies	Apex (2026)	https://go5.india4movies.net/apex-2026-hindi-dubbed-download/	No MultiDownload Link in MultiCloud Page	https://new3.multicloudlinks.com/view/QHRghT
2026-10-07 05:04:19	Hollywood Hindi Movies	Risqué (2025)	https://go5.india4movies.net/risque-2025-hindi-dubbed-download/	No MultiDownload Link in MultiCloud Page	https://new3.multicloudlinks.com/view/wqoamH
2026-10-07 05:04:27	Hollywood Hindi Movies	N/A	https://go5.india4movies.net/project-hail-mary-2026/	No .mp-title Found	
2026-10-07 05:04:28	Hollywood Hindi Movies	N/A	https://go5.india4movies.net/53-sundays-2026-full-movie/	No .mp-title Found	
2026-10-07 05:04:28	Hollywood Hindi Movies	N/A	https://go5.india4movies.net/bts-the-return-2026-hindi-dubbed/	No .mp-title Found	
2026-10-07 05:04:29	Hollywood Hindi Movies	N/A	https://go5.india4movies.net/the-dead-of-winter-2025-english/	No .mp-title Found	
2026-10-07 05:04:29	Hollywood Hindi Movies	N/A	https://go5.india4movies.net/red-hot-chili-peppers-hillel-2026/	No .mp-title Found	
2026-10-07 05:04:29	Hollywood Hindi Movies	N/A	https://go5.india4movies.net/a-different-man-2024-full-movie/	No .mp-title Found	
2026-10-07 05:04:29	Hollywood Hindi Movies	N/A	https://go5.india4movies.net/agent-zeta-2026-full-movie/	No .mp-title Found	
2026-10-07 05:04:30	Hollywood Hindi Movies	N/A	https://go5.india4movies.net/peaky-blinders-immortal-man-2026/	No .mp-title Found	
2026-10-07 05:04:31	Hollywood Hindi Movies	N/A	https://go5.india4movies.net/preschool-2026-full-movie/	No .mp-title Found	
2026-10-07 05:04:31	Hollywood Hindi Movies	N/A	https://go5.india4movies.net/one-mile-chapter-two-2026/	No .mp-title Found	
2026-10-07 05:04:32	Hollywood Hindi Movies	N/A	https://go5.india4movies.net/the-history-of-sound-2026/	No .mp-title Found	
2026-10-07 05:04:32	Hollywood Hindi Movies	N/A	https://go5.india4movies.net/now-you-see-me-now-you-dont-2025/	No .mp-title Found	
2026-10-07 05:04:32	Hollywood Hindi Movies	N/A	https://go5.india4movies.net/the-bravest-2019-movie/	No .mp-title Found	
2026-10-07 05:04:32	Hollywood Hindi Movies	N/A	https://go5.india4movies.net/louis-theroux-inside-the-manosphere-2026/	No .mp-title Found	
2026-10-07 05:04:32	Hollywood Hindi Movies	N/A	https://go5.india4movies.net/good-fortune-2025-movie/	No .mp-title Found	
2026-10-07 05:04:33	Hollywood Hindi Movies	N/A	https://go5.india4movies.net/zootopia-2-2025-hindi/	No .mp-title Found	
2026-10-07 05:04:33	Hollywood Hindi Movies	N/A	https://go5.india4movies.net/turbulence-2025-movie/	No .mp-title Found	
2026-10-07 05:04:33	Hollywood Hindi Movies	N/A	https://go5.india4movies.net/moana-2-2024-hdts-hindi-english/	No .mp-title Found	
2026-10-07 05:04:34	Hollywood Hindi Movies	N/A	https://go5.india4movies.net/failure-2023-1080p-720p-480p-web-hdrip-hindi-english-dd2-0/	No .mp-title Found	
2026-10-07 05:04:34	Hollywood Hindi Movies	N/A	https://go5.india4movies.net/anniversary-2025-movie/	No .mp-title Found	
2026-10-07 05:04:34	Hollywood Hindi Movies	N/A	https://go5.india4movies.net/sew-torn-2024-movie/	No .mp-title Found	
2026-10-07 05:04:34	Hollywood Hindi Movies	N/A	https://go5.india4movies.net/dead-sea-2024-movie/	No .mp-title Found	
2026-10-07 05:04:34	Hollywood Hindi Movies	N/A	https://go5.india4movies.net/dust-bunny-2025-movie-download/	No .mp-title Found	
2026-10-07 05:04:34	Hollywood Hindi Movies	N/A	https://go5.india4movies.net/accused-2026-movie/	No .mp-title Found	
2026-10-07 05:04:35	Hollywood Hindi Movies	N/A	https://go5.india4movies.net/thelma-2024-movie/	No .mp-title Found	
2026-10-07 05:04:35	Hollywood Hindi Movies	N/A	https://go5.india4movies.net/war-machine-2026/	No .mp-title Found	
2026-10-07 05:04:36	Hollywood Hindi Movies	N/A	https://go5.india4movies.net/the-housemaid-2025-full-movie-hd/	No .mp-title Found	
2026-10-07 05:04:36	Hollywood Hindi Movies	N/A	https://go5.india4movies.net/the-long-walk-2025-movie/	No .mp-title Found	
2026-10-07 05:04:36	Hollywood Hindi Movies	N/A	https://go5.india4movies.net/the-bluff-2026-movie/	No .mp-title Found	
2026-10-07 05:04:36	Hollywood Hindi Movies	N/A	https://go5.india4movies.net/the-strangers-chapter-2-2025-movie/	No .mp-title Found	
2026-10-07 05:04:36	Hollywood Hindi Movies	N/A	https://go5.india4movies.net/the-devils-bride-2025-movie/	No .mp-title Found	
2026-10-07 05:04:36	Hollywood Hindi Movies	N/A	https://go5.india4movies.net/muzzle-city-of-wolves-2025/	No .mp-title Found	
2026-10-07 05:04:37	Hollywood Hindi Movies	N/A	https://go5.india4movies.net/xeno-2025-hindi-dubbed/	No .mp-title Found	
2026-10-07 05:04:37	Hollywood Hindi Movies	N/A	https://go5.india4movies.net/the-larva-island-movie-2020/	No .mp-title Found	
2026-10-07 05:04:37	Hollywood Hindi Movies	N/A	https://go5.india4movies.net/exhuma-2024-movie-review/	No .mp-title Found	
2026-10-07 05:04:38	Hollywood Hindi Movies	N/A	https://go5.india4movies.net/pavane-2026-movie/	No .mp-title Found	
2026-10-07 05:04:38	Hollywood Hindi Movies	N/A	https://go5.india4movies.net/blade-of-fury-2024-movie/	No .mp-title Found	
2026-10-07 05:04:39	Hollywood Hindi Movies	N/A	https://go5.india4movies.net/firebreak-2026-movie/	No .mp-title Found	
2026-10-07 05:04:39	Hollywood Hindi Movies	N/A	https://go5.india4movies.net/the-dogs-2025-movie/	No .mp-title Found	
2026-10-07 05:04:39	Hollywood Hindi Movies	N/A	https://go5.india4movies.net/the-swedish-connection-2026-movie/	No .mp-title Found	
2026-10-07 05:04:39	Hollywood Hindi Movies	N/A	https://go5.india4movies.net/28-years-later-the-bone-temple-2026-hindi/	No .mp-title Found	
2026-10-07 05:04:39	Hollywood Hindi Movies	N/A	https://go5.india4movies.net/night-hunter-2018-movie-review/	No .mp-title Found	
2026-10-07 05:04:39	Hollywood Hindi Movies	N/A	https://go5.india4movies.net/braven-2018-movie-review/	No .mp-title Found	
2026-10-07 05:04:40	Hollywood Hindi Movies	N/A	https://go5.india4movies.net/mercy-2026-movie-download/	No .mp-title Found	
2026-10-07 05:04:40	Hollywood Hindi Movies	N/A	https://go5.india4movies.net/love-me-love-me-2026-movie/	No .mp-title Found	
2026-10-07 05:04:41	Hollywood Hindi Movies	N/A	https://go5.india4movies.net/predator-badlands-hindi-movie-2025/	No .mp-title Found	
2026-10-07 05:04:41	Hollywood Hindi Movies	N/A	https://go5.india4movies.net/the-roughneck-2025-movie-details/	No .mp-title Found	
2026-10-07 05:04:41	Hollywood Hindi Movies	N/A	https://go5.india4movies.net/joes-college-road-trip-2026-movie/	No .mp-title Found	
2026-10-07 05:04:41	Hollywood Hindi Movies	N/A	https://go5.india4movies.net/bone-lake-2025-hindi/	No .mp-title Found	
2026-10-07 05:04:41	Hollywood Hindi Movies	N/A	https://go5.india4movies.net/watch-twisted-2026-hindi-online/	No .mp-title Found	
2026-10-07 05:04:42	Hollywood Hindi Movies	N/A	https://go5.india4movies.net/the-things-you-kill-2025-hindi-dubbed/	No .mp-title Found	
2026-10-07 05:04:42	Hollywood Hindi Movies	N/A	https://go5.india4movies.net/this-is-i-hindi-movie-2026/	No .mp-title Found	
2026-10-07 05:04:42	Hollywood Hindi Movies	N/A	https://go5.india4movies.net/girl-in-the-spiders-web-hindi-dubbed/	No .mp-title Found	
2026-10-07 05:04:44	Marathi Movies	N/A	https://go5.india4movies.net/farzand-2018-1080p-720p-480p-web-hdrip-hindi-org-marathi-dd2-0/	No .mp-title Found	
2026-10-07 05:04:45	Marathi Movies	N/A	https://go5.india4movies.net/watch-adrushya-2022-online/	No .mp-title Found	
2026-10-07 05:04:45	Marathi Movies	N/A	https://go5.india4movies.net/date-with-saie-2025-movie-1/	No .mp-title Found	
2026-10-07 05:04:45	Marathi Movies	N/A	https://go5.india4movies.net/phullwanti-2024-hindi/	No .mp-title Found	
2026-10-07 05:04:45	Marathi Movies	N/A	https://go5.india4movies.net/bin-lagnachi-goshta-2025-marathi/	No .mp-title Found	
2026-10-07 05:04:45	Marathi Movies	N/A	https://go5.india4movies.net/subhedar-2023-1080p-720p-480p-web-hdrip-hindi-org-marathi-dd2-0/	No .mp-title Found	
2026-10-07 05:04:46	Marathi Movies	N/A	https://go5.india4movies.net/sthal-2025-marathi-full-movie/	No .mp-title Found	
2026-10-07 05:04:46	Marathi Movies	N/A	https://go5.india4movies.net/watch-toofan-2024-online/	No .mp-title Found	
2026-10-07 05:04:46	Marathi Movies	N/A	https://go5.india4movies.net/shivrayancha-chhava-2024-movie/	No .mp-title Found	
2026-10-07 05:04:46	Marathi Movies	N/A	https://go5.india4movies.net/andaaz-2-2025-hindi-full-movie-watch-online/	No .mp-title Found	
2026-10-07 05:04:47	Marathi Movies	N/A	https://go5.india4movies.net/the-conjuring-4-2025-hindi/	No .mp-title Found	
2026-10-07 05:04:48	Marathi Movies	N/A	https://go5.india4movies.net/veera-dheera-sooran-2025-web-hdrip-hindi/	No .mp-title Found	
2026-10-07 05:04:48	Marathi Movies	N/A	https://go5.india4movies.net/mukkam-post-devach-ghar-2025-web-hdrip-hindi/	No .mp-title Found	
2026-10-07 05:04:48	Marathi Movies	N/A	https://go5.india4movies.net/blackout-full-movie-download/	No .mp-title Found	
2026-10-07 05:04:48	Marathi Movies	N/A	https://go5.india4movies.net/dharmaveer-2-full-movie-download/	No .mp-title Found	
2026-10-07 05:04:48	Marathi Movies	N/A	https://go5.india4movies.net/apsara-2024-web-hdrip/	No .mp-title Found	
2026-10-07 05:04:49	Marathi Movies	N/A	https://go5.india4movies.net/juna-furniture-2024-web-hdrip/	No .mp-title Found	
2026-10-07 05:04:49	Marathi Movies	N/A	https://go5.india4movies.net/naach-ga-ghuma-full-movie-download/	No .mp-title Found	
2026-10-07 05:04:49	Marathi Movies	N/A	https://go5.india4movies.net/visfot-full-movie-download/	No .mp-title Found	
2026-10-07 05:04:49	Marathi Movies	N/A	https://go5.india4movies.net/babu-2024-web-hdrip-hindi/	No .mp-title Found	
2026-10-07 05:04:49	Marathi Movies	N/A	https://go5.india4movies.net/zara-hatke-zara-bachke-full-movie-download/	No .mp-title Found	
2026-10-07 05:04:50	Marathi Movies	N/A	https://go5.india4movies.net/boyz-4-2023-web-hdrip/	No .mp-title Found	
2026-10-07 05:04:50	Marathi Movies	N/A	https://go5.india4movies.net/shivrayancha-chhava-2024-web-hdrip/	No .mp-title Found	
2026-10-07 05:04:50	Marathi Movies	N/A	https://go5.india4movies.net/subhedar-full-movie-download/	No .mp-title Found	
2026-10-07 05:04:51	Marathi Movies	N/A	https://go5.india4movies.net/subhedar-2023-web-hdrip/	No .mp-title Found	
2026-10-07 05:04:51	Marathi Movies	N/A	https://go5.india4movies.net/sari-2023-web-hdrip/	No .mp-title Found	
2026-10-07 05:04:51	Marathi Movies	N/A	https://go5.india4movies.net/london-misal-full-movie-download/	No .mp-title Found	
2026-10-07 05:04:51	Marathi Movies	N/A	https://go5.india4movies.net/baipan-bhaari-deva-full-movie-download/	No .mp-title Found	
2026-10-07 05:04:51	Marathi Movies	N/A	https://go5.india4movies.net/mission-impossible-7-2023-hdtc-hin/	No .mp-title Found	
2026-10-07 05:04:51	Marathi Movies	N/A	https://go5.india4movies.net/aathvani-2023-web-hdrip/	No .mp-title Found	
2026-10-07 05:04:52	Marathi Movies	N/A	https://go5.india4movies.net/teen-adkun-sitaram-2023-web-hdrip/	No .mp-title Found	
2026-10-07 05:04:52	Marathi Movies	N/A	https://go5.india4movies.net/get-together-2023-web-hdrip/	No .mp-title Found	
2026-10-07 05:04:52	Marathi Movies	N/A	https://go5.india4movies.net/farhana-full-movie-download-hd/	No .mp-title Found	
2026-10-07 05:04:53	Marathi Movies	N/A	https://go5.india4movies.net/mumbaikar-full-movie-download-3/	No .mp-title Found	
2026-10-07 05:04:53	Marathi Movies	N/A	https://go5.india4movies.net/sergeant-full-movie-download-3/	No .mp-title Found	
2026-10-07 05:04:53	Marathi Movies	N/A	https://go5.india4movies.net/phulrani-full-movie-download-4/	No .mp-title Found	
2026-10-07 05:04:53	Marathi Movies	N/A	https://go5.india4movies.net/sarsenapati-hambirrao-full-movie-download/	No .mp-title Found	
2026-10-07 05:04:54	Marathi Movies	N/A	https://go5.india4movies.net/ghar-banduk-biryani-2023-web-hdrip/	No .mp-title Found	
2026-10-07 05:04:54	Marathi Movies	N/A	https://go5.india4movies.net/mann-kasturi-re-full-movie-download/	No .mp-title Found	
2026-10-07 05:04:54	Marathi Movies	N/A	https://go5.india4movies.net/ved-full-movie-download-hd-hin-2/	No .mp-title Found	
2026-10-07 05:04:55	Marathi Movies	N/A	https://go5.india4movies.net/vaalvi-2023-720p-hdcam-marathi-2/	No .mp-title Found	
2026-10-07 05:04:55	Marathi Movies	N/A	https://go5.india4movies.net/victoria-ek-rahasya-full-movie-download/	No .mp-title Found	
2026-10-07 05:04:55	Marathi Movies	N/A	https://go5.india4movies.net/ved-2022-marathi-2/	No .mp-title Found	
2026-10-07 05:04:56	Marathi Movies	N/A	https://go5.india4movies.net/dharmaveer-full-movie-download-3/	No .mp-title Found	
2026-10-07 05:04:56	Marathi Movies	N/A	https://go5.india4movies.net/habaddi-full-movie-download/	No .mp-title Found	
2026-10-07 05:04:56	Marathi Movies	N/A	https://go5.india4movies.net/dagdi-chawl-2-full-movie-download-1/	No .mp-title Found	
2026-10-07 05:04:57	Marathi Movies	N/A	https://go5.india4movies.net/har-har-mahadev-full-movie-download-1-4/	No .mp-title Found	
2026-10-07 05:04:57	Marathi Movies	N/A	https://go5.india4movies.net/preetam-full-movie-download/	No .mp-title Found	
2026-10-07 05:04:57	Marathi Movies	N/A	https://go5.india4movies.net/shoorveer-season-1-full-web-series-download-1/	No .mp-title Found	
2026-10-07 05:04:57	Marathi Movies	N/A	https://go5.india4movies.net/timepass-3-full-movie-download-1/	No .mp-title Found	
2026-10-07 05:04:57	Marathi Movies	N/A	https://go5.india4movies.net/sher-shivraj-full-movie-download-hin/	No .mp-title Found	
2026-10-07 05:04:58	Marathi Movies	N/A	https://go5.india4movies.net/sher-shivraj-full-movie-download/	No .mp-title Found	
2026-10-07 05:04:59	Marathi Movies	N/A	https://go5.india4movies.net/jayanti-full-movie-download/	No .mp-title Found	
2026-10-07 05:04:59	Marathi Movies	N/A	https://go5.india4movies.net/dharmaveer-full-movie-download-1/	No .mp-title Found	
2026-10-07 05:04:59	Bollywood Movies	Saale Aashiq (2025)	https://go5.india4movies.net/saale-aashiq-2025-download/	No MultiDownload Link in MultiCloud Page	https://new2.multicloudlinks.com/
2026-10-07 05:04:59	Marathi Movies	N/A	https://go5.india4movies.net/zombivli-full-movie-download/	No .mp-title Found	
2026-10-07 05:05:00	Bollywood Movies	Pooja Meri Jaan (2026)	https://go5.india4movies.net/pooja-meri-jaan-2026-download/	No MultiDownload Link in MultiCloud Page	https://new2.multicloudlinks.com/
2026-10-07 05:05:01	Bollywood Movies	Drishyam 2 (2022)	https://go5.india4movies.net/drishyam-2-2022-download/	No MultiDownload Link in MultiCloud Page	https://new2.multicloudlinks.com/
2026-10-07 05:05:01	Bollywood Movies	Kahan Shuru Kahan Khatam (2024)	https://go5.india4movies.net/kahan-shuru-kahan-khatam-2024-download/	No MultiDownload Link in MultiCloud Page	https://new2.multicloudlinks.com/
2026-10-07 05:05:01	Bollywood Movies	Ohh My Dog (2026)	https://go5.india4movies.net/ohh-my-dog-2026-download-2/	No MultiDownload Link in MultiCloud Page	https://new2.multicloudlinks.com/
2026-10-07 05:05:02	Bollywood Movies	The Paradise (2026)	https://go5.india4movies.net/the-paradise-2026-download/	No MultiDownload Link in MultiCloud Page	https://new2.multicloudlinks.com/
2026-10-07 05:05:04	Bollywood Movies	Zakir KhanPapa Yaar (2026)	https://go5.india4movies.net/zakir-khan-papa-yaar-2026-download/	No MultiDownload Link in MultiCloud Page	https://new2.multicloudlinks.com/
2026-10-07 05:05:06	Bollywood Movies	Mirzapur The Movie (2026)	https://go5.india4movies.net/mirzapur-the-movie-2026-download/	No MultiDownload Link in MultiCloud Page	https://new2.multicloudlinks.com/
2026-10-07 05:05:07	Bollywood Movies	G.D.N (2026)	https://go5.india4movies.net/g-d-n-2026-download-2/	No MultiDownload Link in MultiCloud Page	https://new2.multicloudlinks.com/
2026-10-07 05:05:07	Bollywood Movies	Dhamaal 4 (2026)	https://go5.india4movies.net/dhamaal-4-2026-download-2/	No MultiDownload Link in MultiCloud Page	https://new2.multicloudlinks.com/
2026-10-07 05:05:10	Bollywood Movies	Main Vaapas Aaunga (2026)	https://go5.india4movies.net/main-vaapas-aaunga-2026-download/	No MultiDownload Link in MultiCloud Page	https://new2.multicloudlinks.com/
2026-10-07 05:05:28	Bollywood Movies	N/A	https://go5.india4movies.net/aayushmati-geeta-matric-pass-2024/	No .mp-title Found	
2026-10-07 05:05:29	Bollywood Movies	N/A	https://go5.india4movies.net/budh-singh-2026-full-movie/	No .mp-title Found	
2026-10-07 05:05:29	Bollywood Movies	N/A	https://go5.india4movies.net/watch-mardaani-3-2026-online/	No .mp-title Found	
2026-10-07 05:05:30	Bollywood Movies	N/A	https://go5.india4movies.net/o-romeo-2026-hindi-movie/	No .mp-title Found	
2026-10-07 05:05:31	Bollywood Movies	N/A	https://go5.india4movies.net/dhurandhar-2025-hindi-movie-download/	No .mp-title Found	
2026-10-07 05:05:31	Bollywood Movies	N/A	https://go5.india4movies.net/vijeyta-2025-hindi-movie/	No .mp-title Found	
2026-10-07 05:05:31	Bollywood Movies	N/A	https://go5.india4movies.net/kissa-court-kachehari-ka-2026/	No .mp-title Found	
2026-10-07 05:05:32	Bollywood Movies	N/A	https://go5.india4movies.net/dhurandhar-the-revenge-2026-hindi/	No .mp-title Found	
2026-10-07 05:05:32	Bollywood Movies	N/A	https://go5.india4movies.net/durlabh-prasad-ki-dusri-shadi-2025/	No .mp-title Found	
2026-10-07 05:05:32	Bollywood Movies	N/A	https://go5.india4movies.net/ramyaa-2026-movie/	No .mp-title Found	
2026-10-07 05:05:32	Bollywood Movies	N/A	https://go5.india4movies.net/the-taj-story-2025-hindi/	No .mp-title Found	
2026-10-07 05:05:32	Bollywood Movies	N/A	https://go5.india4movies.net/rahu-ketu-2026-movie-download/	No .mp-title Found	
2026-10-07 05:05:33	Bollywood Movies	N/A	https://go5.india4movies.net/mission-c1000-2026/	No .mp-title Found	
2026-10-07 05:05:33	Bollywood Movies	N/A	https://go5.india4movies.net/na-jaane-kaun-aa-gaya-2026/	No .mp-title Found	
2026-10-07 05:05:33	Bollywood Movies	N/A	https://go5.india4movies.net/heartless-2014-movie/	No .mp-title Found	
2026-10-07 05:05:34	Bollywood Movies	N/A	https://go5.india4movies.net/jab-khuli-kitaab-2024/	No .mp-title Found	
2026-10-07 05:05:34	Bollywood Movies	N/A	https://go5.india4movies.net/lingaa-2014-movie/	No .mp-title Found	
2026-10-07 05:05:34	Bollywood Movies	N/A	https://go5.india4movies.net/assi-2026-movie/	No .mp-title Found	
2026-10-07 05:05:34	Bollywood Movies	N/A	https://go5.india4movies.net/tu-yaa-main-2026-hindi-movie/	No .mp-title Found	
2026-10-07 05:05:35	Bollywood Movies	N/A	https://go5.india4movies.net/robot-2010-movie/	No .mp-title Found	
2026-10-07 05:05:35	Bollywood Movies	N/A	https://go5.india4movies.net/subedaar-2026/	No .mp-title Found	
2026-10-07 05:05:35	Bollywood Movies	N/A	https://go5.india4movies.net/me-no-pause-me-play-2025/	No .mp-title Found	
2026-10-07 05:05:35	Bollywood Movies	N/A	https://go5.india4movies.net/tanvi-the-great-2025-1080p-720p-480p-hdtc-hindi-dd2-0/	No .mp-title Found	
2026-10-07 05:05:35	Bollywood Movies	N/A	https://go5.india4movies.net/watch-ikkis-2026-online-1/	No .mp-title Found	
2026-10-07 05:05:36	Bollywood Movies	N/A	https://go5.india4movies.net/do-deewane-seher-mein-2026-movie/	No .mp-title Found	
2026-10-07 05:05:36	Bollywood Movies	N/A	https://go5.india4movies.net/watch-zorr-2026-hindi-online/	No .mp-title Found	
2026-10-07 05:05:37	Bollywood Movies	N/A	https://go5.india4movies.net/shahkot-2024-hindi-dubbed-full-movie/	No .mp-title Found	
2026-10-07 05:05:37	Bollywood Movies	N/A	https://go5.india4movies.net/watch-bhabiji-ghar-par-hain-online/	No .mp-title Found	
2026-10-07 05:05:37	Bollywood Movies	N/A	https://go5.india4movies.net/watch-godaan-2026-hindi-online/	No .mp-title Found	
2026-10-07 05:05:37	Bollywood Movies	N/A	https://go5.india4movies.net/the-rabbit-house-2025-movie-download/	No .mp-title Found	
2026-10-07 05:05:37	Bollywood Movies	N/A	https://go5.india4movies.net/watch-the-return-of-the-army-man-online/	No .mp-title Found	
2026-10-07 05:05:37	Bollywood Movies	N/A	https://go5.india4movies.net/vadh-2-hindi-movie-2026-download/	No .mp-title Found	
2026-10-07 05:05:37	Bollywood Movies	N/A	https://go5.india4movies.net/kis-kisko-pyaar-karoon-2-2025-hindi/	No .mp-title Found	
2026-10-07 05:05:38	Bollywood Movies	N/A	https://go5.india4movies.net/gustaakh-ishq-2025-hindi/	No .mp-title Found	
2026-10-07 05:05:39	Bollywood Movies	N/A	https://go5.india4movies.net/tu-meri-main-tera-full-movie-2025-1/	No .mp-title Found	
2026-10-07 05:05:39	Bollywood Movies	N/A	https://go5.india4movies.net/sagwaan-2025-movie-download/	No .mp-title Found	
2026-10-07 05:05:39	Bollywood Movies	N/A	https://go5.india4movies.net/bihu-attack-2026-movie-download/	No .mp-title Found	
2026-10-07 05:05:39	Bollywood Movies	N/A	https://go5.india4movies.net/tere-ishk-mein-2025-hindi/	No .mp-title Found	
2026-10-07 05:05:39	Bollywood Movies	N/A	https://go5.india4movies.net/mardaani-2014-hindi-movie-download/	No .mp-title Found	
2026-10-07 05:05:39	Bollywood Movies	N/A	https://go5.india4movies.net/dilli-dark-2023-hindi-movie-download/	No .mp-title Found	
2026-10-07 05:05:39	Bollywood Movies	N/A	https://go5.india4movies.net/mastiii-4-2025-hindi-2/	No .mp-title Found	
2026-10-07 05:05:39	Bollywood Movies	N/A	https://go5.india4movies.net/mcoca-2025-movie-download/	No .mp-title Found	
2026-10-07 05:05:40	Bollywood Movies	N/A	https://go5.india4movies.net/happy-patel-khatarnak-jasoos-2026/	No .mp-title Found	
2026-10-07 05:05:40	Bollywood Movies	N/A	https://go5.india4movies.net/mardaani-2-2019-1080p-720p-480p-web-hdrip-hindi-dd2-0/	No .mp-title Found	
2026-10-07 05:05:41	Bollywood Movies	N/A	https://go5.india4movies.net/safia-safdar-2026-movie-download-1/	No .mp-title Found	
2026-10-07 05:05:41	Bollywood Movies	N/A	https://go5.india4movies.net/delivery-boy-pizza-on-time-2026-movie-4/	No .mp-title Found	
2026-10-07 05:05:41	Bollywood Movies	N/A	https://go5.india4movies.net/jugnuma-2025-hindi-2/	No .mp-title Found	
2026-10-07 05:05:41	Bollywood Movies	N/A	https://go5.india4movies.net/one-two-cha-cha-chaa-2026-movie-watch-1/	No .mp-title Found	
2026-10-07 05:05:41	Bollywood Movies	N/A	https://go5.india4movies.net/nikita-roy-2025-hindi/	No .mp-title Found	
2026-10-07 05:05:42	Bollywood Movies	N/A	https://go5.india4movies.net/de-de-pyaar-de-2-2025-hindi/	No .mp-title Found	
2026-10-07 05:05:42	Bollywood Movies	N/A	https://go5.india4movies.net/heer-express-2025-hindi-full-movie-download/	No .mp-title Found	
2026-10-07 05:05:42	Bollywood Movies	N/A	https://go5.india4movies.net/watch-azad-bharath-2026-online/	No .mp-title Found	
2026-10-07 05:05:42	Bollywood Movies	N/A	https://go5.india4movies.net/haq-2025-hindi-movie/	No .mp-title Found	
2026-10-07 05:05:42	Bollywood Movies	N/A	https://go5.india4movies.net/elaichi-ek-prem-katha-2026-movie-download-2/	No .mp-title Found	
2026-10-07 05:05:42	Bollywood Movies	N/A	https://go5.india4movies.net/well-done-ca-sahab-2025-hindi-movie-hd/	No .mp-title Found	
2026-10-07 05:05:43	Bollywood Movies	N/A	https://go5.india4movies.net/120-bahadur-2025-hindi/	No .mp-title Found	
2026-10-07 05:05:43	Bollywood Movies	N/A	https://go5.india4movies.net/baahubali-3-2025-hindi/	No .mp-title Found	
2026-10-07 05:05:43	Bollywood Movies	N/A	https://go5.india4movies.net/watch-asha-2025-online-1/	No .mp-title Found	
2026-10-07 05:05:43	Bollywood Movies	N/A	https://go5.india4movies.net/watch-binny-and-family-2024-online/	No .mp-title Found	
2026-10-07 05:05:43	Bollywood Movies	N/A	https://go5.india4movies.net/ek-deewane-ki-deewaniyat-2025-hindi/	No .mp-title Found	
2026-10-07 05:05:43	Bollywood Movies	N/A	https://go5.india4movies.net/lohardaga-2023-full-movie-watch/	No .mp-title Found	
2026-10-07 05:05:44	Bollywood Movies	N/A	https://go5.india4movies.net/single-salma-2025-movie-hd/	No .mp-title Found	
2026-10-07 05:05:44	Bollywood Movies	N/A	https://go5.india4movies.net/raat-akeli-hai-2020-1080p-720p-480p-web-hdrip-hindi-dd5-1/	No .mp-title Found	
2026-10-07 05:05:44	Bollywood Movies	N/A	https://go5.india4movies.net/saali-mohabbat-2025-web-hdrip-hindi/	No .mp-title Found	
2026-10-07 05:05:45	Bollywood Movies	N/A	https://go5.india4movies.net/sholay-the-final-cut-2025-movie/	No .mp-title Found	
2026-10-07 05:05:45	Bollywood Movies	N/A	https://go5.india4movies.net/saali-mohabbat-2025-hindi-3/	No .mp-title Found	
2026-10-07 05:05:45	Bollywood Movies	N/A	https://go5.india4movies.net/dhurandhar-2025-hindi-1/	No .mp-title Found	
2026-10-07 05:05:45	Bollywood Movies	N/A	https://go5.india4movies.net/vicki-ki-baraat-2022-3/	No .mp-title Found	
2026-10-07 05:05:46	Bollywood Movies	N/A	https://go5.india4movies.net/the-great-shamsuddin-family-2025-hindi/	No .mp-title Found	
2026-10-07 05:05:46	Bollywood Movies	N/A	https://go5.india4movies.net/kaisi-ye-paheli-2025-hindi/	No .mp-title Found	
2026-10-07 05:05:46	Bollywood Movies	N/A	https://go5.india4movies.net/yeh-dil-bill-2025-hindi/	No .mp-title Found	
2026-10-07 05:05:46	Bollywood Movies	N/A	https://go5.india4movies.net/kisko-tha-pata-2024-hindi/	No .mp-title Found	
2026-10-07 05:05:46	Bollywood Movies	N/A	https://go5.india4movies.net/fakireeyat-2025-hindi/	No .mp-title Found	
2026-10-07 05:05:46	Bollywood Movies	N/A	https://go5.india4movies.net/a-nice-boy-2025-hindi/	No .mp-title Found	
2026-10-07 05:05:47	Bollywood Movies	N/A	https://go5.india4movies.net/the-bengal-files-2025-hindi/	No .mp-title Found	
2026-10-07 05:05:47	Bollywood Movies	N/A	https://go5.india4movies.net/agra-2025-hindi/	No .mp-title Found	
2026-10-07 05:05:47	Bollywood Movies	N/A	https://go5.india4movies.net/riwaj-2025-hindi/	No .mp-title Found	
2026-10-07 05:05:47	Bollywood Movies	N/A	https://go5.india4movies.net/dining-with-the-kapoors-2025-hindi/	No .mp-title Found	
2026-10-07 05:05:48	Bollywood Movies	N/A	https://go5.india4movies.net/kaal-trighori-2025-hindi/	No .mp-title Found	
2026-10-07 05:05:48	Bollywood Movies	N/A	https://go5.india4movies.net/jolly-llb-3-2025/	No .mp-title Found	
2026-10-07 05:05:48	Bollywood Movies	N/A	https://go5.india4movies.net/hi-zindagi-2025-hindi/	No .mp-title Found	
2026-10-07 05:05:48	Bollywood Movies	N/A	https://go5.india4movies.net/homebound-2025-hindi-movie/	No .mp-title Found	
2026-10-07 05:05:49	Bollywood Movies	N/A	https://go5.india4movies.net/chidiya-2025-hindi/	No .mp-title Found	
2026-10-07 05:05:49	Bollywood Movies	N/A	https://go5.india4movies.net/jassi-weds-jassi-2025-hindi/	No .mp-title Found	
2026-10-07 05:05:49	Bollywood Movies	N/A	https://go5.india4movies.net/dr-seuss-the-sneetches-2025-hindi/	No .mp-title Found	
2026-10-07 05:05:50	Bollywood Movies	N/A	https://go5.india4movies.net/the-tashkent-files-2019-hindi/	No .mp-title Found	
2026-10-07 05:05:50	Bollywood Movies	N/A	https://go5.india4movies.net/hey-siri-ve-siri-2024-hindi/	No .mp-title Found	
2026-10-07 05:05:50	Bollywood Movies	N/A	https://go5.india4movies.net/ek-chatur-naar-2025-hindi/	No .mp-title Found	
2026-10-07 05:05:50	Bollywood Movies	N/A	https://go5.india4movies.net/nishaanchi-2025-hindi-2/	No .mp-title Found	
2026-10-07 05:05:50	Bollywood Movies	N/A	https://go5.india4movies.net/rangbaaz-the-bihar-chapter-2025-hindi/	No .mp-title Found	
2026-10-07 05:05:51	Bollywood Movies	N/A	https://go5.india4movies.net/oggy-and-the-cockroaches-2013-hindi/	No .mp-title Found	
2026-10-07 05:05:51	Bollywood Movies	N/A	https://go5.india4movies.net/baaghi-4-2025-hindi/	No .mp-title Found	
2026-10-07 05:05:51	Bollywood Movies	N/A	https://go5.india4movies.net/ufff-yeh-siyapaa-2025-hindi/	No .mp-title Found	
2026-10-07 05:05:52	Bollywood Movies	N/A	https://go5.india4movies.net/bhagwat-chapter-one-raakshas-2025-hindi-1/	No .mp-title Found	
2026-10-07 05:05:52	Bollywood Movies	N/A	https://go5.india4movies.net/controll-2025-hindi/	No .mp-title Found	
2026-10-07 05:05:52	Bollywood Movies	N/A	https://go5.india4movies.net/soulmates-2025-hindi/	No .mp-title Found	
2026-10-07 05:05:52	Bollywood Movies	N/A	https://go5.india4movies.net/indias-pride-imli-the-archer-2025/	No .mp-title Found	
2026-10-07 05:05:53	Bollywood Movies	N/A	https://go5.india4movies.net/tu-meri-poori-kahani-2025-watch/	No .mp-title Found	
2026-10-07 05:05:53	Bollywood Movies	N/A	https://go5.india4movies.net/war-2-2025-hindi-movie-1/	No .mp-title Found	
2026-10-07 05:05:53	Bollywood Movies	N/A	https://go5.india4movies.net/tara-akash-love-beyond-realms-2025/	No .mp-title Found	
2026-10-07 05:05:53	Bollywood Movies	N/A	https://go5.india4movies.net/55-2025-hindi-movie-1/	No .mp-title Found	
2026-10-07 05:05:53	Bollywood Movies	N/A	https://go5.india4movies.net/saira-khan-case-2025-hindi/	No .mp-title Found	
2026-10-07 05:05:53	Bollywood Movies	N/A	https://go5.india4movies.net/lord-curzon-ki-haveli-2025-hindi/	No .mp-title Found	
2026-10-07 05:05:54	Bollywood Movies	N/A	https://go5.india4movies.net/murderbaad-2025-hindi-movie-hd/	No .mp-title Found	
2026-10-07 05:05:54	Bollywood Movies	N/A	https://go5.india4movies.net/son-of-sardaar-2-hindi/	No .mp-title Found	
2026-10-07 05:05:54	Bollywood Movies	N/A	https://go5.india4movies.net/jolly-llb-2-2017-hindi-movie/	No .mp-title Found	
2026-10-07 05:05:54	Bollywood Movies	N/A	https://go5.india4movies.net/jolly-llb-2013-hindi-movie/	No .mp-title Found	
2026-10-07 05:05:54	Bollywood Movies	N/A	https://go5.india4movies.net/nishaanchi-2025-hindi/	No .mp-title Found	
2026-10-07 05:05:55	Bollywood Movies	N/A	https://go5.india4movies.net/dhadak-2-2025-hindi-full-movie-download/	No .mp-title Found	
2026-10-07 05:05:55	Bollywood Movies	N/A	https://go5.india4movies.net/ajey-2025-hindi-movie/	No .mp-title Found	
2026-10-07 05:05:55	Bollywood Movies	N/A	https://go5.india4movies.net/mannu-kya-karegga-2025-hindi/	No .mp-title Found	
2026-10-07 05:05:56	Bollywood Movies	N/A	https://go5.india4movies.net/article-370-2024-hindi-movie/	No .mp-title Found	
2026-10-07 05:05:56	Bollywood Movies	N/A	https://go5.india4movies.net/warning-2-2024-hindi-movie/	No .mp-title Found	
2026-10-07 05:05:56	Bollywood Movies	N/A	https://go5.india4movies.net/saiyaara-2025-hindi-full-movie-download-1/	No .mp-title Found	
2026-10-07 05:05:56	Bollywood Movies	N/A	https://go5.india4movies.net/ufff-yeh-siyapaa-2025-hindi-movie/	No .mp-title Found	
2026-10-07 05:05:57	Bollywood Movies	N/A	https://go5.india4movies.net/inspector-zende-hindi-download/	No .mp-title Found	
2026-10-07 05:05:57	Bollywood Movies	N/A	https://go5.india4movies.net/yeh-hai-mera-watan-2025-download/	No .mp-title Found	
2026-10-07 05:05:57	Bollywood Movies	N/A	https://go5.india4movies.net/pad-gaye-pange-2025-hindi/	No .mp-title Found	
2026-10-07 05:05:57	Bollywood Movies	N/A	https://go5.india4movies.net/akshardham-vajra-shakti-2025/	No .mp-title Found	
2026-10-07 05:05:58	Bollywood Movies	N/A	https://go5.india4movies.net/chal-bhaag-2025-hindi/	No .mp-title Found	
2026-10-07 05:05:58	Bollywood Movies	N/A	https://go5.india4movies.net/baaghi-3-2020-hindi-movie/	No .mp-title Found	
2026-10-07 05:05:58	Bollywood Movies	N/A	https://go5.india4movies.net/songs-paradise-hindi-2025/	No .mp-title Found	
2026-10-07 05:05:58	Bollywood Movies	N/A	https://go5.india4movies.net/shaitaan-2024-hindi/	No .mp-title Found	
2026-10-07 05:05:58	Bollywood Movies	N/A	https://go5.india4movies.net/zora-2025-hindi-full-movie-download/	No .mp-title Found	
2026-10-07 05:05:58	Bollywood Movies	N/A	https://go5.india4movies.net/metro-in-dino-2025-hindi/	No .mp-title Found	
2026-10-07 05:05:59	Bollywood Movies	N/A	https://go5.india4movies.net/maa-2025-hindi/	No .mp-title Found	
2026-10-07 05:05:59	Bollywood Movies	N/A	https://go5.india4movies.net/maalik-2025-hindi/	No .mp-title Found	
2026-10-07 05:06:00	Bollywood Movies	N/A	https://go5.india4movies.net/baaghi-2016-hindi-movie/	No .mp-title Found	
2026-10-07 05:06:00	Bollywood Movies	N/A	https://go5.india4movies.net/baaghi-2-2018-download-hd/	No .mp-title Found	
2026-10-07 05:06:00	Bollywood Movies	N/A	https://go5.india4movies.net/sarhadein-2025-download/	No .mp-title Found	
2026-10-07 05:06:00	Bollywood Movies	N/A	https://go5.india4movies.net/red-letter-2025-hindi/	No .mp-title Found	
2026-10-07 05:06:00	Bollywood Movies	N/A	https://go5.india4movies.net/tehran-2025-hindi-1/	No .mp-title Found	
2026-10-07 05:06:00	Bollywood Movies	N/A	https://go5.india4movies.net/baida-2025-hindi/	No .mp-title Found	
2026-10-07 05:06:01	Bollywood Movies	N/A	https://go5.india4movies.net/love-all-2023-hindi-movie/	No .mp-title Found	
2026-10-07 05:06:01	Bollywood Movies	N/A	https://go5.india4movies.net/dr-hedgewar-2025-hindi/	No .mp-title Found	
2026-10-07 05:06:01	Bollywood Movies	N/A	https://go5.india4movies.net/ghich-pich-2025-hindi-full-movie-download/	No .mp-title Found	
2026-10-07 05:06:02	Bollywood Movies	N/A	https://go5.india4movies.net/a-stranger-by-the-hill-2025-hindi/	No .mp-title Found	
2026-10-07 05:06:02	Bollywood Movies	N/A	https://go5.india4movies.net/war-2019-web-hdrip-2/	No .mp-title Found	
2026-10-07 05:06:02	Bollywood Movies	N/A	https://go5.india4movies.net/housefull-5b-2025-hindi/	No .mp-title Found	
2026-10-07 05:06:02	Bollywood Movies	N/A	https://go5.india4movies.net/so-long-valley-2025-hindi/	No .mp-title Found	
2026-10-07 05:06:02	Bollywood Movies	N/A	https://go5.india4movies.net/sarzameen-2025-4k-1080p-720p-480p-web-hdrip-hindi-org-multi-audio-dd5-1/	No .mp-title Found	
2026-10-07 05:06:02	Bollywood Movies	N/A	https://go5.india4movies.net/sitaare-zameen-par-2025-full-movie-download/	No .mp-title Found	
2026-10-07 05:06:03	Bollywood Movies	N/A	https://go5.india4movies.net/housefull-5-2025-hindi/	No .mp-title Found	
2026-10-07 05:06:03	Bollywood Movies	N/A	https://go5.india4movies.net/romeo-s3-2025-hindi/	No .mp-title Found	
2026-10-07 05:06:04	Bollywood Movies	N/A	https://go5.india4movies.net/the-bhootnii-2025-hindi-1/	No .mp-title Found	
2026-10-07 05:06:04	Bollywood Movies	N/A	https://go5.india4movies.net/nafratein-2025-1080p-720p-480p-hdtc-hindi-dd2-0/	No .mp-title Found	
2026-10-07 05:06:05	Bollywood Movies	N/A	https://go5.india4movies.net/kapkapiii-2025-hindi/	No .mp-title Found	
2026-10-07 05:06:05	Bollywood Movies	N/A	https://go5.india4movies.net/kesari-veer-2025-hindi/	No .mp-title Found	
2026-10-07 05:06:05	Bollywood Movies	N/A	https://go5.india4movies.net/kaalidhar-laapata-2025-1080p-720p-480p-web-hdrip-hindi-dd5-1/	No .mp-title Found	
2026-10-07 05:06:05	Bollywood Movies	N/A	https://go5.india4movies.net/aho-vikramaarka-2024-1080p-720p-480p-hdtv-hindi-dd2-0/	No .mp-title Found	
2026-10-07 05:06:05	Bollywood Movies	N/A	https://go5.india4movies.net/aap-jaisa-koi-2025-web-hdrip-hindi/	No .mp-title Found	
2026-10-07 05:06:06	Bollywood Movies	N/A	https://go5.india4movies.net/raid-2-2025-hindi/	No .mp-title Found	
2026-10-07 05:06:06	Bollywood Movies	N/A	https://go5.india4movies.net/manada-kadalu-2024-1080p-720p-480p-web-hdrip-hindi-malayalam-dd2-0/	No .mp-title Found	
2026-10-07 05:06:07	Bollywood Movies	N/A	https://go5.india4movies.net/detective-sherdil-2025-4k-hindi/	No .mp-title Found	
2026-10-07 05:06:07	Bollywood Movies	N/A	https://go5.india4movies.net/the-lost-girl-2024-hindi/	No .mp-title Found	
2026-10-07 05:06:07	Bollywood Movies	N/A	https://go5.india4movies.net/ishq-vishk-rebound-2024-1080p-720p-480p-web-hdrip-hindi-dd5-1/	No .mp-title Found	
2026-10-07 05:06:07	Bollywood Movies	N/A	https://go5.india4movies.net/stolen-2025-1080p-720p-480p-web-hdrip-hindi-dd5-1/	No .mp-title Found	
2026-10-07 05:06:08	Bollywood Movies	N/A	https://go5.india4movies.net/sister-midnight-2024-hindi/	No .mp-title Found	
2026-10-07 05:06:08	Bollywood Movies	N/A	https://go5.india4movies.net/panchlait-2017-hindi/	No .mp-title Found	
2026-10-07 05:06:08	Bollywood Movies	N/A	https://go5.india4movies.net/kesari-chapter-2-2025-hindi/	No .mp-title Found	
2026-10-07 05:06:08	Bollywood Movies	N/A	https://go5.india4movies.net/karamsutra-2025-hindi/	No .mp-title Found	
2026-10-07 05:06:09	Bollywood Movies	N/A	https://go5.india4movies.net/ground-zero-2025-web-hdrip/	No .mp-title Found	
2026-10-07 05:06:09	Bollywood Movies	N/A	https://go5.india4movies.net/bhool-chuk-maaf-2025-hindi/	No .mp-title Found	
2026-10-07 05:06:09	Bollywood Movies	N/A	https://go5.india4movies.net/bengal-1947-hindi/	No .mp-title Found	
2026-10-07 05:06:10	Bollywood Movies	N/A	https://go5.india4movies.net/stolen-2025-hindi/	No .mp-title Found	
2026-10-07 05:06:10	Bollywood Movies	N/A	https://go5.india4movies.net/sikandar-2025-hindi/	No .mp-title Found	
2026-10-07 05:06:10	Bollywood Movies	N/A	https://go5.india4movies.net/jaat-2025-uncut-4k-hindi/	No .mp-title Found	
2026-10-07 05:06:10	Bollywood Movies	N/A	https://go5.india4movies.net/his-story-of-itihaas-2025-hindi/	No .mp-title Found	
2026-10-07 05:06:11	Bollywood Movies	N/A	https://go5.india4movies.net/the-shameless-2024-web-hdrip/	No .mp-title Found	
2026-10-07 05:06:11	Bollywood Movies	N/A	https://go5.india4movies.net/interrogation-2025-hindi-1/	No .mp-title Found	
2026-10-07 05:06:11	Bollywood Movies	N/A	https://go5.india4movies.net/the-diplomat-2025-web-hdrip/	No .mp-title Found	
2026-10-07 05:06:11	Bollywood Movies	N/A	https://go5.india4movies.net/costao-2025-web-hdrip/	No .mp-title Found	
2026-10-07 05:06:12	Bollywood Movies	N/A	https://go5.india4movies.net/bhagwan-bharose-2023-web-hdrip/	No .mp-title Found	
2026-10-07 05:06:12	Bollywood Movies	N/A	https://go5.india4movies.net/akaal-2025-web-hdrip/	No .mp-title Found	
2026-10-07 05:06:12	Bollywood Movies	N/A	https://go5.india4movies.net/phule-2025-web-hdrip/	No .mp-title Found	
2026-10-07 05:06:12	Bollywood Movies	N/A	https://go5.india4movies.net/jewel-thief-2025-web-hdrip-hindi/	No .mp-title Found	
2026-10-07 05:06:13	Bollywood Movies	N/A	https://go5.india4movies.net/logout-2025-web-hdrip-1/	No .mp-title Found	
2026-10-07 05:06:13	Bollywood Movies	N/A	https://go5.india4movies.net/baadshaho-2017-1080p-720p-480p-web-hdrip-hindi-dd5-1/	No .mp-title Found	
2026-10-07 05:06:13	Bollywood Movies	N/A	https://go5.india4movies.net/mere-husband-ki-biwi-2025-web-hdrip/	No .mp-title Found	
2026-10-07 05:06:13	Bollywood Movies	N/A	https://go5.india4movies.net/kesari-2019-web-hdrip/	No .mp-title Found	
2026-10-07 05:06:14	Bollywood Movies	N/A	https://go5.india4movies.net/chhorii-2-2025-web-hdrip/	No .mp-title Found	
2026-10-07 05:06:14	Bollywood Movies	N/A	https://go5.india4movies.net/crazxy-2025-web-hdrip/	No .mp-title Found	
2026-10-07 05:06:14	Bollywood Movies	N/A	https://go5.india4movies.net/pintu-ki-pappi-2025-1080p-720p-480p-hdrip-hindi-dd2-0/	No .mp-title Found	
2026-10-07 05:06:15	Bollywood Movies	N/A	https://go5.india4movies.net/raid-2018-web-hdrip/	No .mp-title Found	
2026-10-07 05:06:15	Bollywood Movies	N/A	https://go5.india4movies.net/holiday-a-soldier-is-never-off-duty-2014-we/	No .mp-title Found	
2026-10-07 05:06:15	Bollywood Movies	N/A	https://go5.india4movies.net/loveyapa-2025-web-hdrip/	No .mp-title Found	
2026-10-07 05:06:15	Bollywood Movies	N/A	https://go5.india4movies.net/chhorii-2021-web-hdrip/	No .mp-title Found	
2026-10-07 05:06:15	Bollywood Movies	N/A	https://go5.india4movies.net/deva-2025-hindi/	No .mp-title Found	
2026-10-07 05:06:15	Bollywood Movies	N/A	https://go5.india4movies.net/chhaava-2025-web-hdrip-2/	No .mp-title Found	
2026-10-07 05:06:16	Bollywood Movies	N/A	https://go5.india4movies.net/tamasha-2015-web-hdrip/	No .mp-title Found	
2026-10-07 05:06:16	Bollywood Movies	N/A	https://go5.india4movies.net/zakir-khan-delulu-express-web-series-2025/	No .mp-title Found	
2026-10-07 05:06:17	Bollywood Movies	N/A	https://go5.india4movies.net/daddy-2014-web-hdrip/	No .mp-title Found	
2026-10-07 05:06:17	Bollywood Movies	N/A	https://go5.india4movies.net/be-happyh-2025-web-hdrip-hindi/	No .mp-title Found	
2026-10-07 05:06:17	Bollywood Movies	N/A	https://go5.india4movies.net/sehar-2016-bluray/	No .mp-title Found	
2026-10-07 05:06:18	Bollywood Movies	N/A	https://go5.india4movies.net/tumko-meri-kasam-2025-web-hdrip/	No .mp-title Found	
2026-10-07 05:06:18	Bollywood Movies	N/A	https://go5.india4movies.net/aachari-baa-2025-web-hdrip/	No .mp-title Found	
2026-10-07 05:06:18	Bollywood Movies	N/A	https://go5.india4movies.net/ghajini-2008-web-hdrip/	No .mp-title Found	
2026-10-07 05:06:18	Bollywood Movies	N/A	https://go5.india4movies.net/madras-cafe-2013-1080p-720p-480p-bluray-hindi-dd5-1/	No .mp-title Found	
2026-10-07 05:06:19	Bollywood Movies	N/A	https://go5.india4movies.net/fukrey-returns-2017-web-hdrip-2/	No .mp-title Found	
2026-10-07 05:06:19	Bollywood Movies	N/A	https://go5.india4movies.net/jagga-jasoos-2017-web-hdrip/	No .mp-title Found	
2026-10-07 05:06:19	Bollywood Movies	N/A	https://go5.india4movies.net/vanvaas-2024-hindi/	No .mp-title Found	
2026-10-07 05:06:19	Bollywood Movies	N/A	https://go5.india4movies.net/emergency-2025-hindi/	No .mp-title Found	
2026-10-07 05:06:20	Bollywood Movies	N/A	https://go5.india4movies.net/azaad-2025-hindi/	No .mp-title Found	
2026-10-07 05:06:20	Bollywood Movies	N/A	https://go5.india4movies.net/nirbhay-1996-web-hdrip/	No .mp-title Found	
2026-10-07 05:06:20	Bollywood Movies	N/A	https://go5.india4movies.net/naukri-1978-web-hdrip/	No .mp-title Found	
2026-10-07 05:06:20	Bollywood Movies	N/A	https://go5.india4movies.net/khol-de-meri-zuban-1989-web-hdrip/	No .mp-title Found	
2026-10-07 05:06:21	Bollywood Movies	N/A	https://go5.india4movies.net/vidhaata-1982-web-hdrip/	No .mp-title Found	
2026-10-07 05:06:22	Bollywood Movies	N/A	https://go5.india4movies.net/tridev-1989-web-hdrip/	No .mp-title Found	
2026-10-07 05:06:22	Bollywood Movies	N/A	https://go5.india4movies.net/veeram-2017-web-hdrip-2/	No .mp-title Found	
2026-10-07 05:06:22	Bollywood Movies	N/A	https://go5.india4movies.net/johny-mera-naam-1970-web-hdrip/	No .mp-title Found	
2026-10-07 05:06:22	Bollywood Movies	N/A	https://go5.india4movies.net/sher-dil-1990-web-hdrip/	No .mp-title Found	
2026-10-07 05:06:22	Bollywood Movies	N/A	https://go5.india4movies.net/azaad-1955-web-hdrip/	No .mp-title Found	
2026-10-07 05:06:23	Bollywood Movies	N/A	https://go5.india4movies.net/turning-30-2011-web-hdrip/	No .mp-title Found	
2026-10-07 05:06:23	Bollywood Movies	N/A	https://go5.india4movies.net/lav-kush-1997-web-hdrip/	No .mp-title Found	
2026-10-07 05:06:23	Bollywood Movies	N/A	https://go5.india4movies.net/gupt-the-hidden-truth-1997-web-hdrip/	No .mp-title Found	
2026-10-07 05:06:24	Bollywood Movies	N/A	https://go5.india4movies.net/rakthrekha-2025-web-hdrip/	No .mp-title Found	
2026-10-07 05:06:24	Bollywood Movies	N/A	https://go5.india4movies.net/mohra-1994-web-hdrip/	No .mp-title Found	
2026-10-07 05:06:24	Bollywood Movies	N/A	https://go5.india4movies.net/na-ghar-ke-na-ghaat-ke-2010-web-hdrip/	No .mp-title Found	
2026-10-07 05:06:25	Bollywood Movies	N/A	https://go5.india4movies.net/trishul-1978-web-hdrip/	No .mp-title Found	
2026-10-07 05:06:26	Bollywood Movies	N/A	https://go5.india4movies.net/naadaniyaan-2025-web-hdrip/	No .mp-title Found	
2026-10-07 05:06:26	Bollywood Movies	N/A	https://go5.india4movies.net/aghathiyaa-2025-web-hdrip/	No .mp-title Found	
2026-10-07 05:06:26	Bollywood Movies	N/A	https://go5.india4movies.net/haseena-maan-jaayegi-1999-1080p-720p-480p-web-hdrip-hindi-dd-5-1/	No .mp-title Found	
2026-10-07 05:06:26	Bollywood Movies	N/A	https://go5.india4movies.net/manzil-1979-web-hdrip/	No .mp-title Found	
2026-10-07 05:06:26	Bollywood Movies	N/A	https://go5.india4movies.net/fateh-2025-hindi/	No .mp-title Found	
2026-10-07 05:06:27	Bollywood Movies	N/A	https://go5.india4movies.net/joshila-1973-web-hdrip/	No .mp-title Found	
2026-10-07 05:06:27	Bollywood Movies	N/A	https://go5.india4movies.net/sky-force-2025-hindi/	No .mp-title Found	
2026-10-07 05:06:27	Bollywood Movies	N/A	https://go5.india4movies.net/cabaret-2019-web-hdrip/	No .mp-title Found	
2026-10-07 05:06:27	Bollywood Movies	N/A	https://go5.india4movies.net/babumoshai-bandookbaaz-2017-web-hdrip/	No .mp-title Found	
2026-10-07 05:06:28	Bollywood Movies	N/A	https://go5.india4movies.net/chor-police-1983-web-hdrip/	No .mp-title Found	
2026-10-07 05:06:28	Bollywood Movies	N/A	https://go5.india4movies.net/dream-girl-1977-web-hdrip/	No .mp-title Found	
2026-10-07 05:06:29	South Dubbed Movies	Crazy Fellow (2022)	https://go5.india4movies.net/crazy-fellow-2022-download/	No MultiDownload Link in MultiCloud Page	https://new2.multicloudlinks.com/
2026-10-07 05:06:29	South Dubbed Movies	Partner (2023)	https://go5.india4movies.net/partner-2023-download/	No MultiDownload Link in MultiCloud Page	https://new2.multicloudlinks.com/
2026-10-07 05:06:30	South Dubbed Movies	Bethlehem Kudumba Unit (2026)	https://go5.india4movies.net/bethlehem-kudumba-unit-2026-download-4/	No MultiDownload Link in MultiCloud Page	https://new2.multicloudlinks.com/
2026-10-07 05:06:31	South Dubbed Movies	Romanchakam (2026)	https://go5.india4movies.net/romanchakam-2026-download-2/	No MultiDownload Link in MultiCloud Page	https://new2.multicloudlinks.com/
2026-10-07 05:06:31	South Dubbed Movies	Vishwaguru (2025)	https://go5.india4movies.net/vishwaguru-2025-download/	No MultiDownload Link in MultiCloud Page	https://new2.multicloudlinks.com/
2026-10-07 05:06:32	South Dubbed Movies	Nilakanta (2026)	https://go5.india4movies.net/nilakanta-2026-download/	No MultiDownload Link in MultiCloud Page	https://new2.multicloudlinks.com/
2026-10-07 05:06:33	South Dubbed Movies	Swathi Muthyam (2022)	https://go5.india4movies.net/swathi-muthyam-2022-download/	No MultiDownload Link in MultiCloud Page	https://new2.multicloudlinks.com/
2026-10-07 05:06:35	South Dubbed Movies	Modha Rathri (2026)	https://go5.india4movies.net/modha-rathri-2026-download-2/	No MultiDownload Link in MultiCloud Page	https://new2.multicloudlinks.com/
2026-10-07 05:06:45	South Dubbed Movies	Harudu (2026)	https://go5.india4movies.net/harudu-2026-download-2/	No MultiDownload Link in MultiCloud Page	https://new2.multicloudlinks.com/
2026-10-07 05:06:45	South Dubbed Movies	Vishwanath And Sons (2026)	https://go5.india4movies.net/vishwanath-and-sons-2026-download-3/	No MultiDownload Link in MultiCloud Page	https://new2.multicloudlinks.com/
2026-10-07 05:06:49	South Dubbed Movies	Thudakkam (2026)	https://go5.india4movies.net/thudakkam-2026-download/	No MultiDownload Link in MultiCloud Page	https://new2.multicloudlinks.com/
2026-10-07 05:06:50	South Dubbed Movies	I m Game (2026)	https://go5.india4movies.net/i-m-game-2026-download/	No MultiDownload Link in MultiCloud Page	https://new2.multicloudlinks.com/
2026-10-07 05:06:50	South Dubbed Movies	Korean Kanakaraju (2026)	https://go5.india4movies.net/korean-kanakaraju-2026-download-2/	No MultiDownload Link in MultiCloud Page	https://new2.multicloudlinks.com/
2026-10-07 05:06:52	South Dubbed Movies	Irumudi (2026)	https://go5.india4movies.net/irumudi-2026-download-3/	No MultiDownload Link in MultiCloud Page	https://new2.multicloudlinks.com/
2026-10-07 05:06:53	South Dubbed Movies	I Nobody (2026)	https://go5.india4movies.net/i-nobody-2026-download/	No MultiDownload Link in MultiCloud Page	https://new2.multicloudlinks.com/
2026-10-07 05:07:22	South Dubbed Movies	Usiru (2025)	https://go5.india4movies.net/usiru-2025-hindi-dubbed-download/	No MultiDownload Link in MultiCloud Page	https://new3.multicloudlinks.com/view/3eFXJn
2026-10-07 05:07:23	South Dubbed Movies	Theeyavar Kulaigal Nadunga (2025)	https://go5.india4movies.net/theeyavar-kulaigal-nadunga-2025-hindi-dubbed-download/	No MultiDownload Link in MultiCloud Page	https://new3.multicloudlinks.com/view/zNUmQy
2026-10-07 05:07:28	South Dubbed Movies	N/A	https://go5.india4movies.net/vishnu-vinyasam-2026-full-movie/	No .mp-title Found	
2026-10-07 05:07:28	South Dubbed Movies	N/A	https://go5.india4movies.net/shivam-2015-hindi-full-movie/	No .mp-title Found	
2026-10-07 05:07:29	South Dubbed Movies	N/A	https://go5.india4movies.net/aagadu-2014-full-movie/	No .mp-title Found	
2026-10-07 05:07:29	South Dubbed Movies	N/A	https://go5.india4movies.net/watchman-2019-full-movie/	No .mp-title Found	
2026-10-07 05:07:29	South Dubbed Movies	N/A	https://go5.india4movies.net/kaliyugam-2025-full-movie/	No .mp-title Found	
2026-10-07 05:07:30	South Dubbed Movies	N/A	https://go5.india4movies.net/kaththi-2014-movie/	No .mp-title Found	
2026-10-07 05:07:30	South Dubbed Movies	N/A	https://go5.india4movies.net/made-in-korea-2026-movie/	No .mp-title Found	
2026-10-07 05:07:30	South Dubbed Movies	N/A	https://go5.india4movies.net/brindavanam-2010-movie/	No .mp-title Found	
2026-10-07 05:07:30	South Dubbed Movies	N/A	https://go5.india4movies.net/funky-2026-movie/	No .mp-title Found	
2026-10-07 05:07:30	South Dubbed Movies	N/A	https://go5.india4movies.net/sardar-2022-movie/	No .mp-title Found	
2026-10-07 05:07:30	South Dubbed Movies	N/A	https://go5.india4movies.net/paanch-minar-2025-movie/	No .mp-title Found	
2026-10-07 05:07:30	South Dubbed Movies	N/A	https://go5.india4movies.net/madam-sengupta-2025-movie/	No .mp-title Found	
2026-10-07 05:07:31	South Dubbed Movies	N/A	https://go5.india4movies.net/bharat-ane-nenu-2018-movie/	No .mp-title Found	
2026-10-07 05:07:31	South Dubbed Movies	N/A	https://go5.india4movies.net/pennum-porattum-2026-movie/	No .mp-title Found	
2026-10-07 05:07:31	South Dubbed Movies	N/A	https://go5.india4movies.net/lockdown-2026-movie/	No .mp-title Found	
2026-10-07 05:07:32	South Dubbed Movies	N/A	https://go5.india4movies.net/irumbu-thirai-2018-movie/	No .mp-title Found	
2026-10-07 05:07:33	South Dubbed Movies	N/A	https://go5.india4movies.net/10-endrathukulla-2015-movie/	No .mp-title Found	
2026-10-07 05:07:33	South Dubbed Movies	N/A	https://go5.india4movies.net/rangoli-2023-movie/	No .mp-title Found	
2026-10-07 05:07:33	South Dubbed Movies	N/A	https://go5.india4movies.net/theri-2016-movie/	No .mp-title Found	
2026-10-07 05:07:33	South Dubbed Movies	N/A	https://go5.india4movies.net/parugu-2008-movie/	No .mp-title Found	
2026-10-07 05:07:33	South Dubbed Movies	N/A	https://go5.india4movies.net/oosaravelli-2011-movie/	No .mp-title Found	
2026-10-07 05:07:33	South Dubbed Movies	N/A	https://go5.india4movies.net/watch-the-raja-saab-2026-online-2/	No .mp-title Found	
2026-10-07 05:07:34	South Dubbed Movies	N/A	https://go5.india4movies.net/bairavaa-2017/	No .mp-title Found	
2026-10-07 05:07:34	South Dubbed Movies	N/A	https://go5.india4movies.net/charak-fair-of-faith-2026/	No .mp-title Found	
2026-10-07 05:07:34	South Dubbed Movies	N/A	https://go5.india4movies.net/with-love-2026/	No .mp-title Found	
2026-10-07 05:07:34	South Dubbed Movies	N/A	https://go5.india4movies.net/laalo-krishna-sada-sahaayate-2025-movie-download/	No .mp-title Found	
2026-10-07 05:07:35	South Dubbed Movies	N/A	https://go5.india4movies.net/one-gandhi-talks-2026-full-movie-hd/	No .mp-title Found	
2026-10-07 05:07:35	South Dubbed Movies	N/A	https://go5.india4movies.net/memories-2023-movie/	No .mp-title Found	
2026-10-07 05:07:35	South Dubbed Movies	N/A	https://go5.india4movies.net/ghilli-2004-movie/	No .mp-title Found	
2026-10-07 05:07:35	South Dubbed Movies	N/A	https://go5.india4movies.net/julayi-2012/	No .mp-title Found	
2026-10-07 05:07:35	South Dubbed Movies	N/A	https://go5.india4movies.net/dasavatharam-2008-movie/	No .mp-title Found	
2026-10-07 05:07:36	South Dubbed Movies	N/A	https://go5.india4movies.net/athiran-2019-movie/	No .mp-title Found	
2026-10-07 05:07:36	South Dubbed Movies	N/A	https://go5.india4movies.net/jockey-2026/	No .mp-title Found	
2026-10-07 05:07:36	South Dubbed Movies	N/A	https://go5.india4movies.net/jora-kaiya-thattunga-2025/	No .mp-title Found	
2026-10-07 05:07:36	South Dubbed Movies	N/A	https://go5.india4movies.net/thaanara-2024-movie/	No .mp-title Found	
2026-10-07 05:07:37	South Dubbed Movies	N/A	https://go5.india4movies.net/cobra-2022-movie/	No .mp-title Found	
2026-10-07 05:07:37	South Dubbed Movies	N/A	https://go5.india4movies.net/the-white-tiger-2021-movie/	No .mp-title Found	
2026-10-07 05:07:37	South Dubbed Movies	N/A	https://go5.india4movies.net/nukkad-naatak-2026-movie/	No .mp-title Found	
2026-10-07 05:07:37	South Dubbed Movies	N/A	https://go5.india4movies.net/mithada-maheman-2025-movie/	No .mp-title Found	
2026-10-07 05:07:37	South Dubbed Movies	N/A	https://go5.india4movies.net/secret-2025-movie/	No .mp-title Found	
2026-10-07 05:07:38	South Dubbed Movies	N/A	https://go5.india4movies.net/bloody-babu-2025-movie/	No .mp-title Found	
2026-10-07 05:07:38	South Dubbed Movies	N/A	https://go5.india4movies.net/yevadu-2014-movie/	No .mp-title Found	
2026-10-07 05:07:38	South Dubbed Movies	N/A	https://go5.india4movies.net/honey-2026-movie/	No .mp-title Found	
2026-10-07 05:07:38	South Dubbed Movies	N/A	https://go5.india4movies.net/gaganam-2011-movie/	No .mp-title Found	
2026-10-07 05:07:38	South Dubbed Movies	N/A	https://go5.india4movies.net/am-ah-2025-movie/	No .mp-title Found	
2026-10-07 05:07:38	South Dubbed Movies	N/A	https://go5.india4movies.net/rogue-2017-movie/	No .mp-title Found	
2026-10-07 05:07:39	South Dubbed Movies	N/A	https://go5.india4movies.net/ekkadiki-pothavu-chinnavada-2016/	No .mp-title Found	
2026-10-07 05:07:39	South Dubbed Movies	N/A	https://go5.india4movies.net/sivaji-the-boss-2007-movie/	No .mp-title Found	
2026-10-07 05:07:40	South Dubbed Movies	N/A	https://go5.india4movies.net/tillu-square-2024-hindi-dubbed/	No .mp-title Found	
2026-10-07 05:07:40	South Dubbed Movies	N/A	https://go5.india4movies.net/hotspot-2-much-2026-movie/	No .mp-title Found	
2026-10-07 05:07:40	South Dubbed Movies	N/A	https://go5.india4movies.net/maadeva-2025-movie/	No .mp-title Found	
2026-10-07 05:07:40	South Dubbed Movies	N/A	https://go5.india4movies.net/chatha-pacha-2026-movie/	No .mp-title Found	
2026-10-07 05:07:40	South Dubbed Movies	N/A	https://go5.india4movies.net/butterfly-2022-movie/	No .mp-title Found	
2026-10-07 05:07:40	South Dubbed Movies	N/A	https://go5.india4movies.net/retta-thala-2025-hindi-full-movie/	No .mp-title Found	
2026-10-07 05:07:41	South Dubbed Movies	N/A	https://go5.india4movies.net/hide-n-seek-2025-movie/	No .mp-title Found	
2026-10-07 05:07:41	South Dubbed Movies	N/A	https://go5.india4movies.net/lucky-the-superstar-2026-movie/	No .mp-title Found	
2026-10-07 05:07:41	South Dubbed Movies	N/A	https://go5.india4movies.net/devil-2024-movie/	No .mp-title Found	
2026-10-07 05:07:41	South Dubbed Movies	N/A	https://go5.india4movies.net/dj-tillu-2022-hindi-dubbed-movie/	No .mp-title Found	
2026-10-07 05:07:41	South Dubbed Movies	N/A	https://go5.india4movies.net/vanaveera-2026-hindi-dubbed-movie/	No .mp-title Found	
2026-10-07 05:07:42	South Dubbed Movies	N/A	https://go5.india4movies.net/i-am-god-2025-movie-details/	No .mp-title Found	
2026-10-07 05:07:42	South Dubbed Movies	N/A	https://go5.india4movies.net/mana-shankara-varaprasad-garu-full-movie/	No .mp-title Found	
2026-10-07 05:07:42	South Dubbed Movies	N/A	https://go5.india4movies.net/baby-girl-hindi-movie-2026-download/	No .mp-title Found	
2026-10-07 05:07:42	South Dubbed Movies	N/A	https://go5.india4movies.net/gst-2025-hindi-full-movie/	No .mp-title Found	
2026-10-07 05:07:42	South Dubbed Movies	N/A	https://go5.india4movies.net/watch-sarrainodu-2016-hindi-online/	No .mp-title Found	
2026-10-07 05:07:42	South Dubbed Movies	N/A	https://go5.india4movies.net/96-2018-hindi-dubbed-full-movie/	No .mp-title Found	
2026-10-07 05:07:42	South Dubbed Movies	N/A	https://go5.india4movies.net/watch-gam-gam-ganesha-2024-hindi-online/	No .mp-title Found	
2026-10-07 05:07:43	South Dubbed Movies	N/A	https://go5.india4movies.net/watch-paro-pinaki-ki-kahani-online/	No .mp-title Found	
2026-10-07 05:07:43	South Dubbed Movies	N/A	https://go5.india4movies.net/ayalaan-2024-hindi-movie/	No .mp-title Found	
2026-10-07 05:07:43	South Dubbed Movies	N/A	https://go5.india4movies.net/anaganaga-oka-raju-2026-telugu-movie-download/	No .mp-title Found	
2026-10-07 05:07:43	South Dubbed Movies	N/A	https://go5.india4movies.net/watch-mahaan-2022-tamil-movie/	No .mp-title Found	
2026-10-07 05:07:43	South Dubbed Movies	N/A	https://go5.india4movies.net/thank-you-dear-2025-full-movie-hd/	No .mp-title Found	
2026-10-07 05:07:43	South Dubbed Movies	N/A	https://go5.india4movies.net/gatha-vaibhava-2025-full-movie-hd/	No .mp-title Found	
2026-10-07 05:07:43	South Dubbed Movies	N/A	https://go5.india4movies.net/padi-padi-leche-manasu-2018-full-movie/	No .mp-title Found	
2026-10-07 05:07:43	South Dubbed Movies	N/A	https://go5.india4movies.net/leg-piece-2025-movie-download/	No .mp-title Found	
2026-10-07 05:07:44	South Dubbed Movies	N/A	https://go5.india4movies.net/nari-nari-naduma-murari-2026-full-movie/	No .mp-title Found	
2026-10-07 05:07:44	South Dubbed Movies	N/A	https://go5.india4movies.net/solo-boy-2025-movie-download/	No .mp-title Found	
2026-10-07 05:07:44	South Dubbed Movies	N/A	https://go5.india4movies.net/chaari-111-2024-full-movie-hd/	No .mp-title Found	
2026-10-07 05:07:44	South Dubbed Movies	N/A	https://go5.india4movies.net/u-turn-2018-full-movie-hd/	No .mp-title Found	
2026-10-07 05:07:44	South Dubbed Movies	N/A	https://go5.india4movies.net/mca-2017-full-movie-download/	No .mp-title Found	
2026-10-07 05:07:45	South Dubbed Movies	N/A	https://go5.india4movies.net/watch-patang-2025-online/	No .mp-title Found	
2026-10-07 05:07:45	South Dubbed Movies	N/A	https://go5.india4movies.net/watch-mayasabha-2026-online/	No .mp-title Found	
2026-10-07 05:07:45	South Dubbed Movies	N/A	https://go5.india4movies.net/watch-sarvam-maya-2025-online/	No .mp-title Found	
2026-10-07 05:07:45	South Dubbed Movies	N/A	https://go5.india4movies.net/watch-human-cocaine-2026-online/	No .mp-title Found	
2026-10-07 05:07:46	South Dubbed Movies	N/A	https://go5.india4movies.net/manam-2014-full-movie-hd/	No .mp-title Found	
2026-10-07 05:07:46	South Dubbed Movies	N/A	https://go5.india4movies.net/watch-aadi-shambhala-2026-online/	No .mp-title Found	
2026-10-07 05:07:46	South Dubbed Movies	N/A	https://go5.india4movies.net/tholi-prema-2018-full-movie-hd/	No .mp-title Found	
2026-10-07 05:07:46	South Dubbed Movies	N/A	https://go5.india4movies.net/googly-2013-full-movie-hd/	No .mp-title Found	
2026-10-07 05:07:46	South Dubbed Movies	N/A	https://go5.india4movies.net/vaa-vaathiyaar-2025-full-movie-hd/	No .mp-title Found	
2026-10-07 05:07:46	South Dubbed Movies	N/A	https://go5.india4movies.net/watch-emoji-2022-online/	No .mp-title Found	
2026-10-07 05:07:47	South Dubbed Movies	N/A	https://go5.india4movies.net/watch-jawaan-2017-online/	No .mp-title Found	
2026-10-07 05:07:47	South Dubbed Movies	N/A	https://go5.india4movies.net/sesham-mike-il-fathima-hindi-download/	No .mp-title Found	
2026-10-07 05:07:47	South Dubbed Movies	N/A	https://go5.india4movies.net/cheekatilo-2026-hindi-dubbed-download-1/	No .mp-title Found	
2026-10-07 05:07:47	South Dubbed Movies	N/A	https://go5.india4movies.net/awe-2018-hindi-full-movie-download/	No .mp-title Found	
2026-10-07 05:07:47	South Dubbed Movies	N/A	https://go5.india4movies.net/karthikeya-2014-hindi-dubbed-download/	No .mp-title Found	
2026-10-07 05:07:48	South Dubbed Movies	N/A	https://go5.india4movies.net/watch-jaya-janaki-nayaka-2017-hindi/	No .mp-title Found	
2026-10-07 05:07:48	South Dubbed Movies	N/A	https://go5.india4movies.net/hero-2021-hindi-full-movie-download/	No .mp-title Found	
2026-10-07 05:07:48	South Dubbed Movies	N/A	https://go5.india4movies.net/vunnadhi-okate-zindagi-hindi-download/	No .mp-title Found	
2026-10-07 05:07:48	South Dubbed Movies	N/A	https://go5.india4movies.net/watch-nine-2019-hindi-online/	No .mp-title Found	
2026-10-07 05:07:48	South Dubbed Movies	N/A	https://go5.india4movies.net/alludu-seenu-2014-hindi-full-movie/	No .mp-title Found	
2026-10-07 05:07:48	South Dubbed Movies	N/A	https://go5.india4movies.net/bank-of-bhagyalakshmi-2025-movie-download/	No .mp-title Found	
2026-10-07 05:07:49	South Dubbed Movies	N/A	https://go5.india4movies.net/kalamkaval-2026-movie-download/	No .mp-title Found	
2026-10-07 05:07:49	South Dubbed Movies	N/A	https://go5.india4movies.net/dhandoraa-2025-1080p-720p-480p-hdtc-telugu-dd2-0/	No .mp-title Found	
2026-10-07 05:07:49	South Dubbed Movies	N/A	https://go5.india4movies.net/vaa-vaathiyaar-2026-tamil-movie-download/	No .mp-title Found	
2026-10-07 05:07:50	South Dubbed Movies	N/A	https://go5.india4movies.net/anantha-2026-movie-download/	No .mp-title Found	
2026-10-07 05:07:50	South Dubbed Movies	N/A	https://go5.india4movies.net/gamer-2025-movie-download/	No .mp-title Found	
2026-10-07 05:07:50	South Dubbed Movies	N/A	https://go5.india4movies.net/dhruva-2016-hindi-dubbed-movie-download/	No .mp-title Found	
2026-10-07 05:07:50	South Dubbed Movies	N/A	https://go5.india4movies.net/yaadhum-ariyaan-2025-hindi-dubbed-movie/	No .mp-title Found	
2026-10-07 05:07:50	South Dubbed Movies	N/A	https://go5.india4movies.net/rajini-gaang-2025-movie-download/	No .mp-title Found	
2026-10-07 05:07:50	South Dubbed Movies	N/A	https://go5.india4movies.net/janaka-aithe-ganaka-2024-full-movie-watch-online/	No .mp-title Found	
2026-10-07 05:07:50	South Dubbed Movies	N/A	https://go5.india4movies.net/asvins-2023-movie-download/	No .mp-title Found	
2026-10-07 05:07:51	South Dubbed Movies	N/A	https://go5.india4movies.net/junga-2018-hindi-dubbed-movie-download/	No .mp-title Found	
2026-10-07 05:07:51	South Dubbed Movies	N/A	https://go5.india4movies.net/krack-2021-hindi-dubbed-movie-download/	No .mp-title Found	
2026-10-07 05:07:51	South Dubbed Movies	N/A	https://go5.india4movies.net/watch-ashwathama-2021-online/	No .mp-title Found	
2026-10-07 05:07:51	South Dubbed Movies	N/A	https://go5.india4movies.net/others-2025-hindi-movies-download/	No .mp-title Found	
2026-10-07 05:07:51	South Dubbed Movies	N/A	https://go5.india4movies.net/ka-2024-hindi-movie-download/	No .mp-title Found	
2026-10-07 05:07:52	South Dubbed Movies	N/A	https://go5.india4movies.net/akhanda-2-thaandavam-2025-hindi/	No .mp-title Found	
2026-10-07 05:07:52	South Dubbed Movies	N/A	https://go5.india4movies.net/park-2024-movie-download/	No .mp-title Found	
2026-10-07 05:07:52	South Dubbed Movies	N/A	https://go5.india4movies.net/not-all-movies-are-the-same-dual-2025-download/	No .mp-title Found	
2026-10-07 05:07:52	South Dubbed Movies	N/A	https://go5.india4movies.net/nalla-nilavulla-rathri-2023-movie-hd/	No .mp-title Found	
2026-10-07 05:07:52	South Dubbed Movies	N/A	https://go5.india4movies.net/shivam-bhaje-2024-movie-hd/	No .mp-title Found	
2026-10-07 05:07:52	South Dubbed Movies	N/A	https://go5.india4movies.net/watch-eko-2025-online/	No .mp-title Found	
2026-10-07 05:07:53	South Dubbed Movies	N/A	https://go5.india4movies.net/watch-the-great-indian-suicide-2023/	No .mp-title Found	
2026-10-07 05:07:53	South Dubbed Movies	N/A	https://go5.india4movies.net/mass-jathara-2025-1080p-720p-480p-web-hdrip-hindi-studio-dub-telugu-dd2-0/	No .mp-title Found	
2026-10-07 05:07:53	South Dubbed Movies	N/A	https://go5.india4movies.net/house-mates-2025-movie-hd/	No .mp-title Found	
2026-10-07 05:07:53	South Dubbed Movies	N/A	https://go5.india4movies.net/drive-2025-movie-hd/	No .mp-title Found	
2026-10-07 05:07:53	South Dubbed Movies	N/A	https://go5.india4movies.net/watch-doosri-maa-2025-online/	No .mp-title Found	
2026-10-07 05:07:54	South Dubbed Movies	N/A	https://go5.india4movies.net/love-u-muddu-2025-movie-hd/	No .mp-title Found	
2026-10-07 05:07:54	South Dubbed Movies	N/A	https://go5.india4movies.net/watch-iravukku-aayiram-kangal-2018/	No .mp-title Found	
2026-10-07 05:07:54	South Dubbed Movies	N/A	https://go5.india4movies.net/balu-gani-talkies-2024-movie-hd/	No .mp-title Found	
2026-10-07 05:07:54	South Dubbed Movies	N/A	https://go5.india4movies.net/shubhchintak-2025-hindi-movie-hd-5/	No .mp-title Found	
2026-10-07 05:07:54	South Dubbed Movies	N/A	https://go5.india4movies.net/watch-vrusshabha-2025-online-hd/	No .mp-title Found	
2026-10-07 05:07:54	South Dubbed Movies	N/A	https://go5.india4movies.net/andhra-king-taluka-2025-1080p-720p-480p-web-hdrip-hindi-org-multi-audio-dd5-1/	No .mp-title Found	
2026-10-07 05:07:55	South Dubbed Movies	N/A	https://go5.india4movies.net/brat-2025-action-thriller-movie/	No .mp-title Found	
2026-10-07 05:07:55	South Dubbed Movies	N/A	https://go5.india4movies.net/vritta-2025-1080p-720p-480p-web-hdrip-hindi-org-multi-audio-dd5-2/	No .mp-title Found	
2026-10-07 05:07:55	South Dubbed Movies	N/A	https://go5.india4movies.net/little-hearts-2025-movie/	No .mp-title Found	
2026-10-07 05:07:55	South Dubbed Movies	N/A	https://go5.india4movies.net/santhana-prapthirasthu-2025-hindi/	No .mp-title Found	
2026-10-07 05:07:56	South Dubbed Movies	N/A	https://go5.india4movies.net/k-ramp-2025-action-thriller-movie/	No .mp-title Found	
2026-10-07 05:07:56	South Dubbed Movies	N/A	https://go5.india4movies.net/janki-movie-2025-drama/	No .mp-title Found	
2026-10-07 05:07:56	South Dubbed Movies	N/A	https://go5.india4movies.net/kaantha-2025-hindi/	No .mp-title Found	
2026-10-07 05:07:56	South Dubbed Movies	N/A	https://go5.india4movies.net/bhoothadham-bhaskar-narayana-2024/	No .mp-title Found	
2026-10-07 05:07:56	South Dubbed Movies	N/A	https://go5.india4movies.net/rudra-thandavam-2021-hindi-tamil/	No .mp-title Found	
2026-10-07 05:07:56	South Dubbed Movies	N/A	https://go5.india4movies.net/mamta-child-factory-2025/	No .mp-title Found	
2026-10-07 05:07:56	South Dubbed Movies	N/A	https://go5.india4movies.net/aaromaley-2025-hindi/	No .mp-title Found	
2026-10-07 05:07:57	South Dubbed Movies	N/A	https://go5.india4movies.net/kennedy-2023-hindi/	No .mp-title Found	
2026-10-07 05:07:57	South Dubbed Movies	N/A	https://go5.india4movies.net/aneethi-2023-movie/	No .mp-title Found	
2026-10-07 05:07:57	South Dubbed Movies	N/A	https://go5.india4movies.net/maaman-2025-hindi/	No .mp-title Found	
2026-10-07 05:07:57	South Dubbed Movies	N/A	https://go5.india4movies.net/bramayugam-2024-hindi/	No .mp-title Found	
2026-10-07 05:07:58	South Dubbed Movies	N/A	https://go5.india4movies.net/the-akaali-2024-hindi/	No .mp-title Found	
2026-10-07 05:07:58	South Dubbed Movies	N/A	https://go5.india4movies.net/jatadhara-2025-hindi/	No .mp-title Found	
2026-10-07 05:07:58	South Dubbed Movies	N/A	https://go5.india4movies.net/enai-sudum-pani-2025-hindi/	No .mp-title Found	
2026-10-07 05:07:59	South Dubbed Movies	N/A	https://go5.india4movies.net/dies-irae-2025-hindi/	No .mp-title Found	
2026-10-07 05:07:59	South Dubbed Movies	N/A	https://go5.india4movies.net/the-girlfriend-2025/	No .mp-title Found	
2026-10-07 05:07:59	South Dubbed Movies	N/A	https://go5.india4movies.net/little-hearts-2024-hindi/	No .mp-title Found	
2026-10-07 05:07:59	South Dubbed Movies	N/A	https://go5.india4movies.net/stephen-2025-hindi/	No .mp-title Found	
